{"errors":[],"warnings":[],"namedChunkGroups":{"app":{"chunks":[9,10],"assets":["webpack-runtime-73999b7b588b9522fce3.js","webpack-runtime-73999b7b588b9522fce3.js.map","app-bd3e85c8376edc23ee25.js","app-bd3e85c8376edc23ee25.js.map"],"children":{},"childAssets":{}},"component---src-pages-404-js":{"chunks":[8],"assets":["component---src-pages-404-js-85408c2978598faf324b.js","component---src-pages-404-js-85408c2978598faf324b.js.map"],"children":{},"childAssets":{}},"component---src-i-18-n-redirect-js":{"chunks":[0,7],"assets":["0-38a0275eb8de5ebe0efc.js","0-38a0275eb8de5ebe0efc.js.map","component---src-i-18-n-redirect-js-a0d5acf4635714ff77c3.js","component---src-i-18-n-redirect-js-a0d5acf4635714ff77c3.js.map"],"children":{},"childAssets":{}},"component---src-pages-index-js":{"chunks":[1,0,2,6],"assets":["1-88144e48a358bc3ff6ac.js","1-88144e48a358bc3ff6ac.js.map","0-38a0275eb8de5ebe0efc.js","0-38a0275eb8de5ebe0efc.js.map","2.1256099a535b651b6f9a.css","2-fe2e98c0877397fd8608.js","2.1256099a535b651b6f9a.css.map","2-fe2e98c0877397fd8608.js.map","component---src-pages-index-js.c7fbe7bbd51210bd9ae9.css","component---src-pages-index-js-b024a8732d362c5958fa.js","component---src-pages-index-js.c7fbe7bbd51210bd9ae9.css.map","component---src-pages-index-js-b024a8732d362c5958fa.js.map"],"children":{},"childAssets":{}},"component---src-pages-page-2-js":{"chunks":[1,5],"assets":["1-88144e48a358bc3ff6ac.js","1-88144e48a358bc3ff6ac.js.map","component---src-pages-page-2-js-cbeacbb1afff4bbc4439.js","component---src-pages-page-2-js-cbeacbb1afff4bbc4439.js.map"],"children":{},"childAssets":{}},"component---src-pages-story-1-jsx":{"chunks":[4],"assets":["component---src-pages-story-1-jsx-7d892f5416bd36ae2ffb.js","component---src-pages-story-1-jsx-7d892f5416bd36ae2ffb.js.map"],"children":{},"childAssets":{}}},"assetsByChunkName":{"app":["webpack-runtime-73999b7b588b9522fce3.js","app-bd3e85c8376edc23ee25.js"],"component---src-pages-404-js":["component---src-pages-404-js-85408c2978598faf324b.js"],"component---src-i-18-n-redirect-js":["0-38a0275eb8de5ebe0efc.js","component---src-i-18-n-redirect-js-a0d5acf4635714ff77c3.js"],"component---src-pages-index-js":["1-88144e48a358bc3ff6ac.js","0-38a0275eb8de5ebe0efc.js","2.1256099a535b651b6f9a.css","2-fe2e98c0877397fd8608.js","component---src-pages-index-js.c7fbe7bbd51210bd9ae9.css","component---src-pages-index-js-b024a8732d362c5958fa.js"],"component---src-pages-page-2-js":["1-88144e48a358bc3ff6ac.js","component---src-pages-page-2-js-cbeacbb1afff4bbc4439.js"],"component---src-pages-story-1-jsx":["component---src-pages-story-1-jsx-7d892f5416bd36ae2ffb.js"]}}